dataset_id,input_length
train_188.csv,122
train_119.csv,28
train_102.csv,89
train_103.csv,155
train_131.csv,5938
train_205.csv,8023
train_204.csv,327
train_105.csv,168
train_185.csv,427
train_141.csv,324
train_165.csv,660
train_153.csv,314
train_115.csv,400
train_176.csv,278
train_110.csv,433
train_177.csv,9848
train_151.csv,290
train_21.csv,144
train_200.csv,5887
train_161.csv,2304
train_198.csv,9907
train_12.csv,11818
train_246.csv,104
train_155.csv,9926
train_118.csv,9848
train_209.csv,9818
train_217.csv,64
train_251.csv,79
train_297.csv,68
train_212.csv,1929
train_23.csv,677
train_211.csv,15796
train_301.csv,22
train_294.csv,644
train_227.csv,23857
train_290.csv,5900
train_256.csv,19796
train_287.csv,6593
train_29.csv,9908
train_300.csv,1304
train_306.csv,5289
train_218.csv,9776
train_314.csv,109
train_321.csv,5257
train_370.csv,312
train_272.csv,4603
train_325.csv,3564
train_338.csv,1964
train_335.csv,3313
train_348.csv,162
train_310.csv,548
train_354.csv,494
train_242.csv,7924
train_352.csv,7967
train_367.csv,5237
train_361.csv,3574
train_421.csv,126
train_430.csv,72
train_383.csv,3280
train_43.csv,164
train_397.csv,80
train_391.csv,3985
train_42.csv,491
train_469.csv,136
train_446.csv,81
train_429.csv,160
train_401.csv,7992
train_428.csv,2001
train_439.csv,104
train_482.csv,72
train_461.csv,615
train_491.csv,123
train_437.csv,6606
train_447.csv,5931
train_462.csv,540
train_490.csv,94
train_465.csv,2596
train_39.csv,19663
train_386.csv,19644
train_66.csv,85
train_451.csv,328
train_435.csv,13816
train_499.csv,419
train_453.csv,9831
train_506.csv,127
train_505.csv,207
train_507.csv,3963
train_74.csv,4566
train_75.csv,237
train_79.csv,219
train_483.csv,7978
train_440.csv,4647
train_92.csv,661
train_495.csv,5813
train_498.csv,5303
train_9.csv,15704
