file,best_model,best_rmse,mse_results
train_119.csv,LinearRegression,1.972584603586825e-15,"{'LinearRegression': {'Validation RMSE': 1.972584603586825e-15}, 'Lasso': {'Validation RMSE': 0.19809088705107797}, 'ElasticNet': {'Validation RMSE': 0.13038283834812203}, 'RandomForest': {'Validation RMSE': 0.4537234700669142}, 'XGBoost': {'Validation RMSE': 0.6423341561385666}}"
train_176.csv,LinearRegression,2.687225480176759e-15,"{'LinearRegression': {'Validation RMSE': 2.687225480176759e-15}, 'Lasso': {'Validation RMSE': 1.3466331464760233}, 'ElasticNet': {'Validation RMSE': 1.3846441303580201}, 'RandomForest': {'Validation RMSE': 1.1799660655586592}, 'XGBoost': {'Validation RMSE': 1.1204731494364362}}"
train_102.csv,LinearRegression,7.227139626841456e-16,"{'LinearRegression': {'Validation RMSE': 7.227139626841456e-16}, 'Lasso': {'Validation RMSE': 0.48643356439573765}, 'ElasticNet': {'Validation RMSE': 0.4636386322557334}, 'RandomForest': {'Validation RMSE': 0.8095657874469896}, 'XGBoost': {'Validation RMSE': 0.6408321454888998}}"
train_153.csv,LinearRegression,1.889055802396148e-16,"{'LinearRegression': {'Validation RMSE': 1.889055802396148e-16}, 'Lasso': {'Validation RMSE': 0.3164018896714697}, 'ElasticNet': {'Validation RMSE': 0.25317195808440573}, 'RandomForest': {'Validation RMSE': 0.1349393379357874}, 'XGBoost': {'Validation RMSE': 0.13605469991523814}}"
train_151.csv,LinearRegression,8.293337287027728e-17,"{'LinearRegression': {'Validation RMSE': 8.293337287027728e-17}, 'Lasso': {'Validation RMSE': 0.15136466011938832}, 'ElasticNet': {'Validation RMSE': 0.10714413135456655}, 'RandomForest': {'Validation RMSE': 0.03533495276349018}, 'XGBoost': {'Validation RMSE': 0.030997137205551452}}"
train_103.csv,LinearRegression,9.778192010959886e-16,"{'LinearRegression': {'Validation RMSE': 9.778192010959886e-16}, 'Lasso': {'Validation RMSE': 0.18942067494106077}, 'ElasticNet': {'Validation RMSE': 0.12218407614575703}, 'RandomForest': {'Validation RMSE': 0.08524745380246208}, 'XGBoost': {'Validation RMSE': 0.13310059845894415}}"
train_105.csv,LinearRegression,3.866858481293432e-15,"{'LinearRegression': {'Validation RMSE': 3.866858481293432e-15}, 'Lasso': {'Validation RMSE': 0.2113156194701725}, 'ElasticNet': {'Validation RMSE': 0.14379555057045962}, 'RandomForest': {'Validation RMSE': 0.1925106046011875}, 'XGBoost': {'Validation RMSE': 0.16216572983113867}}"
train_110.csv,LinearRegression,1.8462751494762987e-15,"{'LinearRegression': {'Validation RMSE': 1.8462751494762987e-15}, 'Lasso': {'Validation RMSE': 0.18004696012476262}, 'ElasticNet': {'Validation RMSE': 0.11953393933360773}, 'RandomForest': {'Validation RMSE': 0.11563098662635063}, 'XGBoost': {'Validation RMSE': 0.12134504537776372}}"
train_115.csv,LinearRegression,2.6052067112880795e-15,"{'LinearRegression': {'Validation RMSE': 2.6052067112880795e-15}, 'Lasso': {'Validation RMSE': 0.24449108602008138}, 'ElasticNet': {'Validation RMSE': 0.1580508251480738}, 'RandomForest': {'Validation RMSE': 0.15832115639431588}, 'XGBoost': {'Validation RMSE': 0.12566301767979907}}"
train_185.csv,LinearRegression,1.5482160089033926e-16,"{'LinearRegression': {'Validation RMSE': 1.5482160089033926e-16}, 'Lasso': {'Validation RMSE': 0.21714981189592866}, 'ElasticNet': {'Validation RMSE': 0.17375845104003876}, 'RandomForest': {'Validation RMSE': 0.08395042573818622}, 'XGBoost': {'Validation RMSE': 0.08408166230417004}}"
train_204.csv,LinearRegression,3.70277149892734e-15,"{'LinearRegression': {'Validation RMSE': 3.70277149892734e-15}, 'Lasso': {'Validation RMSE': 1.3809063531431507}, 'ElasticNet': {'Validation RMSE': 1.3791066454182952}, 'RandomForest': {'Validation RMSE': 1.3594891628691095}, 'XGBoost': {'Validation RMSE': 1.3064428337524046}}"
train_200.csv,LinearRegression,6.2164579273377e-16,"{'LinearRegression': {'Validation RMSE': 6.2164579273377e-16}, 'Lasso': {'Validation RMSE': 0.1583846239566436}, 'ElasticNet': {'Validation RMSE': 0.10032129635485233}, 'RandomForest': {'Validation RMSE': 0.04869536140803939}, 'XGBoost': {'Validation RMSE': 0.025607297446781203}}"
train_141.csv,LinearRegression,4.659570206852328e-16,"{'LinearRegression': {'Validation RMSE': 4.659570206852328e-16}, 'Lasso': {'Validation RMSE': 0.18107039184104778}, 'ElasticNet': {'Validation RMSE': 0.10698172867065342}, 'RandomForest': {'Validation RMSE': 0.08283579203215129}, 'XGBoost': {'Validation RMSE': 0.04358512511366817}}"
train_161.csv,LinearRegression,2.4057493083061336e-15,"{'LinearRegression': {'Validation RMSE': 2.4057493083061336e-15}, 'Lasso': {'Validation RMSE': 1.6474015101665436}, 'ElasticNet': {'Validation RMSE': 1.7608907047140123}, 'RandomForest': {'Validation RMSE': 1.382308393360804}, 'XGBoost': {'Validation RMSE': 1.4242249453812217}}"
train_188.csv,LinearRegression,2.3693406580791194e-16,"{'LinearRegression': {'Validation RMSE': 2.3693406580791194e-16}, 'Lasso': {'Validation RMSE': 0.27002309804651803}, 'ElasticNet': {'Validation RMSE': 0.19953700280624462}, 'RandomForest': {'Validation RMSE': 0.09584191091798516}, 'XGBoost': {'Validation RMSE': 0.36036020584079576}}"
train_165.csv,LinearRegression,4.4020590052031e-16,"{'LinearRegression': {'Validation RMSE': 4.4020590052031e-16}, 'Lasso': {'Validation RMSE': 0.2758657765590917}, 'ElasticNet': {'Validation RMSE': 0.22116461856663677}, 'RandomForest': {'Validation RMSE': 0.16370965919433264}, 'XGBoost': {'Validation RMSE': 0.1483983997309131}}"
train_21.csv,LinearRegression,4.283903039266308e-16,"{'LinearRegression': {'Validation RMSE': 4.283903039266308e-16}, 'Lasso': {'Validation RMSE': 0.23726131499039574}, 'ElasticNet': {'Validation RMSE': 0.18877754421260662}, 'RandomForest': {'Validation RMSE': 0.15203442250970411}, 'XGBoost': {'Validation RMSE': 0.14439038636486112}}"
train_212.csv,LinearRegression,3.5125877655659043e-16,"{'LinearRegression': {'Validation RMSE': 3.5125877655659043e-16}, 'Lasso': {'Validation RMSE': 0.17519508713221432}, 'ElasticNet': {'Validation RMSE': 0.12022283946772284}, 'RandomForest': {'Validation RMSE': 0.06808072031396065}, 'XGBoost': {'Validation RMSE': 0.061007301169737654}}"
train_217.csv,LinearRegression,1.1443916996305594e-16,"{'LinearRegression': {'Validation RMSE': 1.1443916996305594e-16}, 'Lasso': {'Validation RMSE': 0.1204813580455042}, 'ElasticNet': {'Validation RMSE': 0.07511614446592667}, 'RandomForest': {'Validation RMSE': 0.05201111374684363}, 'XGBoost': {'Validation RMSE': 0.06552056869460807}}"
train_251.csv,LinearRegression,1.2161883888976234e-16,"{'LinearRegression': {'Validation RMSE': 1.2161883888976234e-16}, 'Lasso': {'Validation RMSE': 0.07542534948970386}, 'ElasticNet': {'Validation RMSE': 0.06390055642825647}, 'RandomForest': {'Validation RMSE': 0.06932971086464469}, 'XGBoost': {'Validation RMSE': 0.053383885964124037}}"
train_246.csv,LinearRegression,4.28883579231832e-16,"{'LinearRegression': {'Validation RMSE': 4.28883579231832e-16}, 'Lasso': {'Validation RMSE': 0.19822470554548394}, 'ElasticNet': {'Validation RMSE': 0.12380871651516392}, 'RandomForest': {'Validation RMSE': 0.13327895276662202}, 'XGBoost': {'Validation RMSE': 0.05339511033962337}}"
train_23.csv,LinearRegression,2.1155105810981981e-16,"{'LinearRegression': {'Validation RMSE': 2.1155105810981981e-16}, 'Lasso': {'Validation RMSE': 0.31722565943507985}, 'ElasticNet': {'Validation RMSE': 0.2657098780745275}, 'RandomForest': {'Validation RMSE': 0.16855954832624268}, 'XGBoost': {'Validation RMSE': 0.1730879648931599}}"
train_131.csv,LinearRegression,2.965851081925001e-16,"{'LinearRegression': {'Validation RMSE': 2.965851081925001e-16}, 'Lasso': {'Validation RMSE': 0.2013439342190589}, 'ElasticNet': {'Validation RMSE': 0.12582145411367332}, 'RandomForest': {'Validation RMSE': 0.029499709541712698}, 'XGBoost': {'Validation RMSE': 0.027095282341054336}}"
train_272.csv,LinearRegression,2.4424364968281762e-15,"{'LinearRegression': {'Validation RMSE': 2.4424364968281762e-15}, 'Lasso': {'Validation RMSE': 0.17720961338237012}, 'ElasticNet': {'Validation RMSE': 0.12305076033041143}, 'RandomForest': {'Validation RMSE': 0.027031720783591895}, 'XGBoost': {'Validation RMSE': 0.024448256310863628}}"
train_294.csv,LinearRegression,7.386223798919024e-16,"{'LinearRegression': {'Validation RMSE': 7.386223798919024e-16}, 'Lasso': {'Validation RMSE': 0.21793014956774737}, 'ElasticNet': {'Validation RMSE': 0.14105052851492855}, 'RandomForest': {'Validation RMSE': 0.13038268341030665}, 'XGBoost': {'Validation RMSE': 0.11644059928070605}}"
train_198.csv,LinearRegression,3.268710047397019e-16,"{'LinearRegression': {'Validation RMSE': 3.268710047397019e-16}, 'Lasso': {'Validation RMSE': 0.17138676529544503}, 'ElasticNet': {'Validation RMSE': 0.11386692900121151}, 'RandomForest': {'Validation RMSE': 0.03975900490045419}, 'XGBoost': {'Validation RMSE': 0.029239001042118053}}"
train_118.csv,LinearRegression,1.646055473252967e-15,"{'LinearRegression': {'Validation RMSE': 1.646055473252967e-15}, 'Lasso': {'Validation RMSE': 0.17148982986779845}, 'ElasticNet': {'Validation RMSE': 0.11289802913779148}, 'RandomForest': {'Validation RMSE': 0.03311107658862956}, 'XGBoost': {'Validation RMSE': 0.026943520367468807}}"
train_12.csv,LinearRegression,8.044809705130179e-16,"{'LinearRegression': {'Validation RMSE': 8.044809705130179e-16}, 'Lasso': {'Validation RMSE': 0.17348630061991951}, 'ElasticNet': {'Validation RMSE': 0.11417158669688869}, 'RandomForest': {'Validation RMSE': 0.028281933698707136}, 'XGBoost': {'Validation RMSE': 0.024336747303134405}}"
train_301.csv,LinearRegression,0.05688112608857645,"{'LinearRegression': {'Validation RMSE': 0.05688112608857645}, 'Lasso': {'Validation RMSE': 0.22771784788069113}, 'ElasticNet': {'Validation RMSE': 0.1690226470641094}, 'RandomForest': {'Validation RMSE': 0.4274443036280511}, 'XGBoost': {'Validation RMSE': 0.160228788676884}}"
train_209.csv,LinearRegression,3.9884543385839e-16,"{'LinearRegression': {'Validation RMSE': 3.9884543385839e-16}, 'Lasso': {'Validation RMSE': 0.15592054397014785}, 'ElasticNet': {'Validation RMSE': 0.10312988848008219}, 'RandomForest': {'Validation RMSE': 0.027303481357732612}, 'XGBoost': {'Validation RMSE': 0.0224131389763435}}"
train_297.csv,LinearRegression,4.186131471178285e-16,"{'LinearRegression': {'Validation RMSE': 4.186131471178285e-16}, 'Lasso': {'Validation RMSE': 0.22309051522873233}, 'ElasticNet': {'Validation RMSE': 0.16266544370897182}, 'RandomForest': {'Validation RMSE': 0.27151405412617535}, 'XGBoost': {'Validation RMSE': 0.2283654788863261}}"
train_205.csv,LinearRegression,1.6048260402967036e-15,"{'LinearRegression': {'Validation RMSE': 1.6048260402967036e-15}, 'Lasso': {'Validation RMSE': 0.17329495029606387}, 'ElasticNet': {'Validation RMSE': 0.11650152878172516}, 'RandomForest': {'Validation RMSE': 0.031198416829210627}, 'XGBoost': {'Validation RMSE': 0.03177128609682922}}"
train_29.csv,LinearRegression,1.3056315274771814e-15,"{'LinearRegression': {'Validation RMSE': 1.3056315274771814e-15}, 'Lasso': {'Validation RMSE': 0.2708738819154253}, 'ElasticNet': {'Validation RMSE': 0.1932391334094845}, 'RandomForest': {'Validation RMSE': 0.08656754391197663}, 'XGBoost': {'Validation RMSE': 0.08312689291050232}}"
train_314.csv,LinearRegression,4.291569046788912e-16,"{'LinearRegression': {'Validation RMSE': 4.291569046788912e-16}, 'Lasso': {'Validation RMSE': 0.23150778040168374}, 'ElasticNet': {'Validation RMSE': 0.15669997489148896}, 'RandomForest': {'Validation RMSE': 0.30047383379649706}, 'XGBoost': {'Validation RMSE': 0.18663279580419886}}"
train_306.csv,LinearRegression,5.328221662172035e-16,"{'LinearRegression': {'Validation RMSE': 5.328221662172035e-16}, 'Lasso': {'Validation RMSE': 0.21839666598000956}, 'ElasticNet': {'Validation RMSE': 0.1382431914172475}, 'RandomForest': {'Validation RMSE': 0.051941296048857465}, 'XGBoost': {'Validation RMSE': 0.03492624365187841}}"
train_325.csv,LinearRegression,5.6850493510895e-16,"{'LinearRegression': {'Validation RMSE': 5.6850493510895e-16}, 'Lasso': {'Validation RMSE': 0.20694589876591876}, 'ElasticNet': {'Validation RMSE': 0.13730346021786208}, 'RandomForest': {'Validation RMSE': 0.0515590414066053}, 'XGBoost': {'Validation RMSE': 0.036512410147132655}}"
train_335.csv,LinearRegression,1.0958612327789187e-15,"{'LinearRegression': {'Validation RMSE': 1.0958612327789187e-15}, 'Lasso': {'Validation RMSE': 0.18120792797163576}, 'ElasticNet': {'Validation RMSE': 0.116797002307824}, 'RandomForest': {'Validation RMSE': 0.06241145779755728}, 'XGBoost': {'Validation RMSE': 0.045192057742623255}}"
train_177.csv,LinearRegression,5.602953365209664e-16,"{'LinearRegression': {'Validation RMSE': 5.602953365209664e-16}, 'Lasso': {'Validation RMSE': 0.5377181993151968}, 'ElasticNet': {'Validation RMSE': 0.4669791075838829}, 'RandomForest': {'Validation RMSE': 0.41119300233559075}, 'XGBoost': {'Validation RMSE': 0.35907198399242773}}"
train_300.csv,LinearRegression,6.474387218335523e-16,"{'LinearRegression': {'Validation RMSE': 6.474387218335523e-16}, 'Lasso': {'Validation RMSE': 0.3551091970131779}, 'ElasticNet': {'Validation RMSE': 0.26932892931499997}, 'RandomForest': {'Validation RMSE': 0.11720224521517791}, 'XGBoost': {'Validation RMSE': 0.0971619385647247}}"
train_155.csv,LinearRegression,4.823639517465318e-16,"{'LinearRegression': {'Validation RMSE': 4.823639517465318e-16}, 'Lasso': {'Validation RMSE': 0.5443597432719973}, 'ElasticNet': {'Validation RMSE': 0.45715524511109595}, 'RandomForest': {'Validation RMSE': 0.35215123104836715}, 'XGBoost': {'Validation RMSE': 0.30490477713661535}}"
train_290.csv,LinearRegression,1.6714691231207178e-15,"{'LinearRegression': {'Validation RMSE': 1.6714691231207178e-15}, 'Lasso': {'Validation RMSE': 0.1971310491431137}, 'ElasticNet': {'Validation RMSE': 0.13697196253167856}, 'RandomForest': {'Validation RMSE': 0.037780709752158276}, 'XGBoost': {'Validation RMSE': 0.028041665512629568}}"
train_348.csv,LinearRegression,1.0795737846202069e-15,"{'LinearRegression': {'Validation RMSE': 1.0795737846202069e-15}, 'Lasso': {'Validation RMSE': 0.20007711487395907}, 'ElasticNet': {'Validation RMSE': 0.14624734796197197}, 'RandomForest': {'Validation RMSE': 0.14736266606837597}, 'XGBoost': {'Validation RMSE': 0.12390369037984933}}"
train_310.csv,LinearRegression,1.4137163161977105e-16,"{'LinearRegression': {'Validation RMSE': 1.4137163161977105e-16}, 'Lasso': {'Validation RMSE': 0.22528767306187264}, 'ElasticNet': {'Validation RMSE': 0.1796758457743198}, 'RandomForest': {'Validation RMSE': 0.09690265823636957}, 'XGBoost': {'Validation RMSE': 0.09947059701420187}}"
train_338.csv,LinearRegression,1.6439585205977375e-15,"{'LinearRegression': {'Validation RMSE': 1.6439585205977375e-15}, 'Lasso': {'Validation RMSE': 0.19329608602955853}, 'ElasticNet': {'Validation RMSE': 0.12351394019512817}, 'RandomForest': {'Validation RMSE': 0.10804480559499638}, 'XGBoost': {'Validation RMSE': 0.1002601653466061}}"
train_354.csv,LinearRegression,4.3794899808233247e-16,"{'LinearRegression': {'Validation RMSE': 4.3794899808233247e-16}, 'Lasso': {'Validation RMSE': 0.1586544161805062}, 'ElasticNet': {'Validation RMSE': 0.09901146519515903}, 'RandomForest': {'Validation RMSE': 0.053408037226954426}, 'XGBoost': {'Validation RMSE': 0.04487471852727679}}"
train_321.csv,LinearRegression,9.696393333456923e-16,"{'LinearRegression': {'Validation RMSE': 9.696393333456923e-16}, 'Lasso': {'Validation RMSE': 0.18650389263953876}, 'ElasticNet': {'Validation RMSE': 0.12451617934267734}, 'RandomForest': {'Validation RMSE': 0.03519736510339296}, 'XGBoost': {'Validation RMSE': 0.027932407102168648}}"
train_370.csv,LinearRegression,4.493228323446624e-16,"{'LinearRegression': {'Validation RMSE': 4.493228323446624e-16}, 'Lasso': {'Validation RMSE': 0.24338226804048654}, 'ElasticNet': {'Validation RMSE': 0.14747811554768187}, 'RandomForest': {'Validation RMSE': 0.18585320991439228}, 'XGBoost': {'Validation RMSE': 0.14636405836388497}}"
train_287.csv,LinearRegression,3.7166357121484743e-16,"{'LinearRegression': {'Validation RMSE': 3.7166357121484743e-16}, 'Lasso': {'Validation RMSE': 0.2375969061915433}, 'ElasticNet': {'Validation RMSE': 0.19661300076939783}, 'RandomForest': {'Validation RMSE': 0.06344060659783735}, 'XGBoost': {'Validation RMSE': 0.050011791490128264}}"
train_211.csv,LinearRegression,1.625827363312087e-15,"{'LinearRegression': {'Validation RMSE': 1.625827363312087e-15}, 'Lasso': {'Validation RMSE': 0.5553979176482393}, 'ElasticNet': {'Validation RMSE': 0.39123648058794586}, 'RandomForest': {'Validation RMSE': 0.043314154696382674}, 'XGBoost': {'Validation RMSE': 0.05299411998720322}}"
train_361.csv,LinearRegression,2.985113025637093e-16,"{'LinearRegression': {'Validation RMSE': 2.985113025637093e-16}, 'Lasso': {'Validation RMSE': 0.16761640274595274}, 'ElasticNet': {'Validation RMSE': 0.10628404918761704}, 'RandomForest': {'Validation RMSE': 0.03644992680697475}, 'XGBoost': {'Validation RMSE': 0.029078456476995}}"
train_397.csv,LinearRegression,1.0894678327056344e-14,"{'LinearRegression': {'Validation RMSE': 1.0894678327056344e-14}, 'Lasso': {'Validation RMSE': 0.7401901977587715}, 'ElasticNet': {'Validation RMSE': 0.7401901977587715}, 'RandomForest': {'Validation RMSE': 0.5849951891886197}, 'XGBoost': {'Validation RMSE': 0.5285915351731211}}"
train_367.csv,LinearRegression,7.009277303408067e-16,"{'LinearRegression': {'Validation RMSE': 7.009277303408067e-16}, 'Lasso': {'Validation RMSE': 0.20224504496655638}, 'ElasticNet': {'Validation RMSE': 0.135962115643522}, 'RandomForest': {'Validation RMSE': 0.03410976343832041}, 'XGBoost': {'Validation RMSE': 0.030790644699237986}}"
train_383.csv,LinearRegression,1.122408888023202e-15,"{'LinearRegression': {'Validation RMSE': 1.122408888023202e-15}, 'Lasso': {'Validation RMSE': 0.16767681031792928}, 'ElasticNet': {'Validation RMSE': 0.10616321790331461}, 'RandomForest': {'Validation RMSE': 0.04320248797632845}, 'XGBoost': {'Validation RMSE': 0.030810339342146727}}"
train_429.csv,LinearRegression,6.012142147043734e-16,"{'LinearRegression': {'Validation RMSE': 6.012142147043734e-16}, 'Lasso': {'Validation RMSE': 0.21726038710184892}, 'ElasticNet': {'Validation RMSE': 0.13008744954269824}, 'RandomForest': {'Validation RMSE': 0.1713639247418795}, 'XGBoost': {'Validation RMSE': 0.1565991675693864}}"
train_42.csv,LinearRegression,3.696519668334095e-16,"{'LinearRegression': {'Validation RMSE': 3.696519668334095e-16}, 'Lasso': {'Validation RMSE': 0.15379611329506057}, 'ElasticNet': {'Validation RMSE': 0.09983181929265887}, 'RandomForest': {'Validation RMSE': 0.09821173335775228}, 'XGBoost': {'Validation RMSE': 0.09964178235677233}}"
train_446.csv,LinearRegression,1.1859671590118822e-15,"{'LinearRegression': {'Validation RMSE': 1.1859671590118822e-15}, 'Lasso': {'Validation RMSE': 0.32090815744180345}, 'ElasticNet': {'Validation RMSE': 0.2643690603785775}, 'RandomForest': {'Validation RMSE': 0.27962692209827955}, 'XGBoost': {'Validation RMSE': 0.24122215312893466}}"
train_43.csv,LinearRegression,8.612926664649732e-16,"{'LinearRegression': {'Validation RMSE': 8.612926664649732e-16}, 'Lasso': {'Validation RMSE': 0.12605532758552518}, 'ElasticNet': {'Validation RMSE': 0.08253612916080391}, 'RandomForest': {'Validation RMSE': 0.1367543948221111}, 'XGBoost': {'Validation RMSE': 0.11053948078100578}}"
train_421.csv,LinearRegression,6.499080788299417e-16,"{'LinearRegression': {'Validation RMSE': 6.499080788299417e-16}, 'Lasso': {'Validation RMSE': 0.1557767170576345}, 'ElasticNet': {'Validation RMSE': 0.0974560528989758}, 'RandomForest': {'Validation RMSE': 0.0967771950115826}, 'XGBoost': {'Validation RMSE': 0.12501529587871182}}"
train_428.csv,LinearRegression,4.4319021420291647e-16,"{'LinearRegression': {'Validation RMSE': 4.4319021420291647e-16}, 'Lasso': {'Validation RMSE': 0.1470456116823958}, 'ElasticNet': {'Validation RMSE': 0.09293146616722783}, 'RandomForest': {'Validation RMSE': 0.07066949917778967}, 'XGBoost': {'Validation RMSE': 0.054505939009786675}}"
train_430.csv,LinearRegression,2.3047571181010395e-16,"{'LinearRegression': {'Validation RMSE': 2.3047571181010395e-16}, 'Lasso': {'Validation RMSE': 0.38717080233196505}, 'ElasticNet': {'Validation RMSE': 0.31519957868245096}, 'RandomForest': {'Validation RMSE': 0.14712428085651988}, 'XGBoost': {'Validation RMSE': 0.11949419425960844}}"
train_218.csv,LinearRegression,3.469405074170151e-16,"{'LinearRegression': {'Validation RMSE': 3.469405074170151e-16}, 'Lasso': {'Validation RMSE': 0.17680895698349142}, 'ElasticNet': {'Validation RMSE': 0.11306732930039397}, 'RandomForest': {'Validation RMSE': 0.021227972810945628}, 'XGBoost': {'Validation RMSE': 0.018095094898732757}}"
train_256.csv,LinearRegression,2.6176193381931636e-15,"{'LinearRegression': {'Validation RMSE': 2.6176193381931636e-15}, 'Lasso': {'Validation RMSE': 0.2939508284122122}, 'ElasticNet': {'Validation RMSE': 0.18740676699562847}, 'RandomForest': {'Validation RMSE': 0.027812200584114613}, 'XGBoost': {'Validation RMSE': 0.027270685097264814}}"
train_439.csv,LinearRegression,1.8903282225911523e-16,"{'LinearRegression': {'Validation RMSE': 1.8903282225911523e-16}, 'Lasso': {'Validation RMSE': 0.2212186873076795}, 'ElasticNet': {'Validation RMSE': 0.17307514930467138}, 'RandomForest': {'Validation RMSE': 0.1583230597395045}, 'XGBoost': {'Validation RMSE': 0.09581038439095392}}"
train_482.csv,LinearRegression,4.881615836846586e-16,"{'LinearRegression': {'Validation RMSE': 4.881615836846586e-16}, 'Lasso': {'Validation RMSE': 1.148335317467565}, 'ElasticNet': {'Validation RMSE': 1.127486548921862}, 'RandomForest': {'Validation RMSE': 1.1141186935803207}, 'XGBoost': {'Validation RMSE': 1.084875099025321}}"
train_469.csv,LinearRegression,8.198334541794447e-16,"{'LinearRegression': {'Validation RMSE': 8.198334541794447e-16}, 'Lasso': {'Validation RMSE': 0.22530053285214566}, 'ElasticNet': {'Validation RMSE': 0.15483591756960294}, 'RandomForest': {'Validation RMSE': 0.16997363075322414}, 'XGBoost': {'Validation RMSE': 0.17862492459351043}}"
train_499.csv,LinearRegression,1.6319262434235955e-15,"{'LinearRegression': {'Validation RMSE': 1.6319262434235955e-15}, 'Lasso': {'Validation RMSE': 0.42670130960403435}, 'ElasticNet': {'Validation RMSE': 0.2678384467988666}, 'RandomForest': {'Validation RMSE': 0.15268404733463906}, 'XGBoost': {'Validation RMSE': 0.1312165972521038}}"
train_401.csv,LinearRegression,5.580432839937674e-16,"{'LinearRegression': {'Validation RMSE': 5.580432839937674e-16}, 'Lasso': {'Validation RMSE': 0.3441257114876214}, 'ElasticNet': {'Validation RMSE': 0.28716914464168447}, 'RandomForest': {'Validation RMSE': 0.14498543840135564}, 'XGBoost': {'Validation RMSE': 0.13412146692126728}}"
train_462.csv,LinearRegression,3.8899086874118756e-16,"{'LinearRegression': {'Validation RMSE': 3.8899086874118756e-16}, 'Lasso': {'Validation RMSE': 0.16909066724686236}, 'ElasticNet': {'Validation RMSE': 0.0942249565739354}, 'RandomForest': {'Validation RMSE': 0.10803713723986233}, 'XGBoost': {'Validation RMSE': 0.07812981987496048}}"
train_242.csv,LinearRegression,3.051010165125739e-16,"{'LinearRegression': {'Validation RMSE': 3.051010165125739e-16}, 'Lasso': {'Validation RMSE': 0.18896308951447216}, 'ElasticNet': {'Validation RMSE': 0.12020577370983569}, 'RandomForest': {'Validation RMSE': 0.038597045344787535}, 'XGBoost': {'Validation RMSE': 0.01964166688084179}}"
train_391.csv,LinearRegression,3.2579665318423443e-16,"{'LinearRegression': {'Validation RMSE': 3.2579665318423443e-16}, 'Lasso': {'Validation RMSE': 0.15256267404829305}, 'ElasticNet': {'Validation RMSE': 0.10067325787497755}, 'RandomForest': {'Validation RMSE': 0.04401161993817957}, 'XGBoost': {'Validation RMSE': 0.03771332152083909}}"
train_461.csv,LinearRegression,3.1837115486247844e-16,"{'LinearRegression': {'Validation RMSE': 3.1837115486247844e-16}, 'Lasso': {'Validation RMSE': 0.1475638437481556}, 'ElasticNet': {'Validation RMSE': 0.09376136118803965}, 'RandomForest': {'Validation RMSE': 0.08395529899610396}, 'XGBoost': {'Validation RMSE': 0.07709005716415311}}"
train_352.csv,LinearRegression,5.13652888268525e-16,"{'LinearRegression': {'Validation RMSE': 5.13652888268525e-16}, 'Lasso': {'Validation RMSE': 0.15096996464388188}, 'ElasticNet': {'Validation RMSE': 0.09553798438263124}, 'RandomForest': {'Validation RMSE': 0.032013256947969956}, 'XGBoost': {'Validation RMSE': 0.02345717615129356}}"
train_490.csv,LinearRegression,1.2889290069307696e-14,"{'LinearRegression': {'Validation RMSE': 1.2889290069307696e-14}, 'Lasso': {'Validation RMSE': 1.8740522829692814}, 'ElasticNet': {'Validation RMSE': 1.8605954920227803}, 'RandomForest': {'Validation RMSE': 1.8120639163468895}, 'XGBoost': {'Validation RMSE': 1.8192128602767121}}"
train_491.csv,LinearRegression,1.1729597822825476e-15,"{'LinearRegression': {'Validation RMSE': 1.1729597822825476e-15}, 'Lasso': {'Validation RMSE': 0.45608279870445806}, 'ElasticNet': {'Validation RMSE': 0.33345073571165107}, 'RandomForest': {'Validation RMSE': 0.149051330050592}, 'XGBoost': {'Validation RMSE': 0.650204646108717}}"
train_451.csv,LinearRegression,1.0071074780416508e-15,"{'LinearRegression': {'Validation RMSE': 1.0071074780416508e-15}, 'Lasso': {'Validation RMSE': 0.4161641154432025}, 'ElasticNet': {'Validation RMSE': 0.2756259746441931}, 'RandomForest': {'Validation RMSE': 0.18275634544353125}, 'XGBoost': {'Validation RMSE': 0.22651705777453854}}"
train_440.csv,LinearRegression,8.552128454439266e-16,"{'LinearRegression': {'Validation RMSE': 8.552128454439266e-16}, 'Lasso': {'Validation RMSE': 0.17182243504613726}, 'ElasticNet': {'Validation RMSE': 0.1129374649069467}, 'RandomForest': {'Validation RMSE': 0.03615481417348824}, 'XGBoost': {'Validation RMSE': 0.024704134271666404}}"
train_465.csv,LinearRegression,2.394729215477783e-15,"{'LinearRegression': {'Validation RMSE': 2.394729215477783e-15}, 'Lasso': {'Validation RMSE': 0.1694045654744009}, 'ElasticNet': {'Validation RMSE': 0.11126185709203223}, 'RandomForest': {'Validation RMSE': 0.048233030408594564}, 'XGBoost': {'Validation RMSE': 0.03655102936587078}}"
train_75.csv,LinearRegression,8.726948248292876e-16,"{'LinearRegression': {'Validation RMSE': 8.726948248292876e-16}, 'Lasso': {'Validation RMSE': 0.21353866564290808}, 'ElasticNet': {'Validation RMSE': 0.13678185515575267}, 'RandomForest': {'Validation RMSE': 0.19472234861395163}, 'XGBoost': {'Validation RMSE': 0.21347105238044992}}"
train_437.csv,LinearRegression,4.881956170079825e-16,"{'LinearRegression': {'Validation RMSE': 4.881956170079825e-16}, 'Lasso': {'Validation RMSE': 0.23366220355140987}, 'ElasticNet': {'Validation RMSE': 0.19071311981936845}, 'RandomForest': {'Validation RMSE': 0.07497738989053462}, 'XGBoost': {'Validation RMSE': 0.0722696140462372}}"
train_447.csv,LinearRegression,2.7517346307475494e-16,"{'LinearRegression': {'Validation RMSE': 2.7517346307475494e-16}, 'Lasso': {'Validation RMSE': 0.24494881886844896}, 'ElasticNet': {'Validation RMSE': 0.199321626307396}, 'RandomForest': {'Validation RMSE': 0.07122866280575893}, 'XGBoost': {'Validation RMSE': 0.07677594084276787}}"
train_66.csv,LinearRegression,8.924804765386465e-16,"{'LinearRegression': {'Validation RMSE': 8.924804765386465e-16}, 'Lasso': {'Validation RMSE': 0.44018058562381596}, 'ElasticNet': {'Validation RMSE': 0.29223085603281157}, 'RandomForest': {'Validation RMSE': 0.754372836066473}, 'XGBoost': {'Validation RMSE': 0.48842159461921997}}"
train_79.csv,LinearRegression,1.7077767174822129e-15,"{'LinearRegression': {'Validation RMSE': 1.7077767174822129e-15}, 'Lasso': {'Validation RMSE': 0.2037401004687401}, 'ElasticNet': {'Validation RMSE': 0.13090732785809073}, 'RandomForest': {'Validation RMSE': 0.06156255645963261}, 'XGBoost': {'Validation RMSE': 0.08758508119521975}}"
train_505.csv,LinearRegression,6.354007992806343e-16,"{'LinearRegression': {'Validation RMSE': 6.354007992806343e-16}, 'Lasso': {'Validation RMSE': 0.1630769230503622}, 'ElasticNet': {'Validation RMSE': 0.09903417129417456}, 'RandomForest': {'Validation RMSE': 0.08918694267151951}, 'XGBoost': {'Validation RMSE': 0.1338241585646768}}"
train_92.csv,LinearRegression,1.4201349954748638e-15,"{'LinearRegression': {'Validation RMSE': 1.4201349954748638e-15}, 'Lasso': {'Validation RMSE': 0.20507877515101564}, 'ElasticNet': {'Validation RMSE': 0.1279186226583058}, 'RandomForest': {'Validation RMSE': 0.11425096480613935}, 'XGBoost': {'Validation RMSE': 0.10963240157630479}}"
train_506.csv,LinearRegression,3.732014730574576e-16,"{'LinearRegression': {'Validation RMSE': 3.732014730574576e-16}, 'Lasso': {'Validation RMSE': 0.20590219485650357}, 'ElasticNet': {'Validation RMSE': 0.13222898436894043}, 'RandomForest': {'Validation RMSE': 0.19386978404372035}, 'XGBoost': {'Validation RMSE': 0.2728892595302987}}"
train_227.csv,LinearRegression,1.2498813278414098e-15,"{'LinearRegression': {'Validation RMSE': 1.2498813278414098e-15}, 'Lasso': {'Validation RMSE': 0.17928743596904262}, 'ElasticNet': {'Validation RMSE': 0.120617254500256}, 'RandomForest': {'Validation RMSE': 0.020397960538918337}, 'XGBoost': {'Validation RMSE': 0.015772668175385716}}"
train_74.csv,LinearRegression,1.348057472579546e-15,"{'LinearRegression': {'Validation RMSE': 1.348057472579546e-15}, 'Lasso': {'Validation RMSE': 0.22882090485941017}, 'ElasticNet': {'Validation RMSE': 0.15173129787831366}, 'RandomForest': {'Validation RMSE': 0.05127428984541339}, 'XGBoost': {'Validation RMSE': 0.03882040257356886}}"
train_498.csv,LinearRegression,1.389583659406948e-15,"{'LinearRegression': {'Validation RMSE': 1.389583659406948e-15}, 'Lasso': {'Validation RMSE': 0.2086285131796851}, 'ElasticNet': {'Validation RMSE': 0.1374184764644308}, 'RandomForest': {'Validation RMSE': 0.06742711423920925}, 'XGBoost': {'Validation RMSE': 0.045871203451204}}"
train_507.csv,LinearRegression,1.0569497888114864e-15,"{'LinearRegression': {'Validation RMSE': 1.0569497888114864e-15}, 'Lasso': {'Validation RMSE': 0.19488139882705202}, 'ElasticNet': {'Validation RMSE': 0.12798828173125673}, 'RandomForest': {'Validation RMSE': 0.05903388955709716}, 'XGBoost': {'Validation RMSE': 0.04184584129945312}}"
train_453.csv,LinearRegression,5.68071287902781e-16,"{'LinearRegression': {'Validation RMSE': 5.68071287902781e-16}, 'Lasso': {'Validation RMSE': 0.17571700389010408}, 'ElasticNet': {'Validation RMSE': 0.11719632826261372}, 'RandomForest': {'Validation RMSE': 0.03372810011478073}, 'XGBoost': {'Validation RMSE': 0.024541988395449674}}"
train_483.csv,LinearRegression,6.548121193055386e-16,"{'LinearRegression': {'Validation RMSE': 6.548121193055386e-16}, 'Lasso': {'Validation RMSE': 0.17932558447335692}, 'ElasticNet': {'Validation RMSE': 0.12379493161038731}, 'RandomForest': {'Validation RMSE': 0.043513358899472526}, 'XGBoost': {'Validation RMSE': 0.029481939990719304}}"
train_495.csv,LinearRegression,9.945284519357594e-16,"{'LinearRegression': {'Validation RMSE': 9.945284519357594e-16}, 'Lasso': {'Validation RMSE': 0.18328164422355178}, 'ElasticNet': {'Validation RMSE': 0.11863110205407164}, 'RandomForest': {'Validation RMSE': 0.02825427470309947}, 'XGBoost': {'Validation RMSE': 0.02346109638883202}}"
train_386.csv,LinearRegression,8.850822271031018e-16,"{'LinearRegression': {'Validation RMSE': 8.850822271031018e-16}, 'Lasso': {'Validation RMSE': 0.18427623277026767}, 'ElasticNet': {'Validation RMSE': 0.12150987247704315}, 'RandomForest': {'Validation RMSE': 0.020628013699603893}, 'XGBoost': {'Validation RMSE': 0.02221214353878058}}"
train_435.csv,LinearRegression,5.600114249361716e-16,"{'LinearRegression': {'Validation RMSE': 5.600114249361716e-16}, 'Lasso': {'Validation RMSE': 0.21124693549694834}, 'ElasticNet': {'Validation RMSE': 0.13455710976069657}, 'RandomForest': {'Validation RMSE': 0.030164315193404134}, 'XGBoost': {'Validation RMSE': 0.02297889572713606}}"
train_39.csv,LinearRegression,3.613989835062688e-16,"{'LinearRegression': {'Validation RMSE': 3.613989835062688e-16}, 'Lasso': {'Validation RMSE': 0.19924744149108903}, 'ElasticNet': {'Validation RMSE': 0.13128370123287278}, 'RandomForest': {'Validation RMSE': 0.01848607761276436}, 'XGBoost': {'Validation RMSE': 0.015701401660479928}}"
train_9.csv,LinearRegression,2.4479212227306443e-16,"{'LinearRegression': {'Validation RMSE': 2.4479212227306443e-16}, 'Lasso': {'Validation RMSE': 0.1735735425804424}, 'ElasticNet': {'Validation RMSE': 0.11035885544134917}, 'RandomForest': {'Validation RMSE': 0.019382951283372432}, 'XGBoost': {'Validation RMSE': 0.01910050928253101}}"
